라스트마일1톤잉여차량역습시장경쟁더악화,2026-07-20 19:42
니어솔루션용마로지스와ai기반차세대3pl운영모델공동구축나서,2026-07-20 19:42
쇼츠러물류창고터지자키이우에탄도미사일보복전,2026-07-20 19:42
30년가까이화학플랜트한길세종기술전고체소재폐pet재활용사업진출,2026-07-20 19:42
지오영폭염장마맞춤형의약품물류관리총력,2026-07-20 19:42
전북축산단체농협중앙회농축산중심지전북으로이전해야,2026-07-20 19:42
위딘카덱스코리아와자동화현장공개절삭공구제조효율성입증,2026-07-20 19:42
cj제일제당부산공장에안전색채디자인도입,2026-07-20 19:42
엑스포라인펫에어라인gemnetwork대한민국독점회원사공식등록,2026-07-20 19:42
스마트산업강국함께하는제조혁신40두차례스마트공장업그레이드까다로운해외인증도뚫었죠,2026-07-20 19:42
영상러최대온라인유통물류창고불타자대규모탄도미사일보복,2026-07-20 19:42
청국장발효과정디지털데이터로남겨생산량더늘릴것,2026-07-20 19:42
sh방치된반지하주택공유창고활용한다,2026-07-20 19:42
남동국가산단경영자협의회지역청년들과산단현장체험,2026-07-20 19:42
올댓차이나대만증시반등개장후반도체주매도로속락마감052,2026-07-20 19:54
농식품부2030년까지모든시군에농촌특화지구조성,2026-07-20 19:54
없어서못파는메모리벌써공급과잉우려상승사이클끝경고도,2026-07-20 19:54
한국국제물류협회국제물류무역ai리더포럼개최,2026-07-21 07:47
여수광양항만공사건설현장근로자대상보냉장구전달,2026-07-21 08:11
영등포구현대3차1405414억원에거래최근3년신고가,2026-07-21 08:11
개도국에kai패키지이식성장돕고한국ai기반키운다,2026-07-21 08:11
구윤철국민기업실제체감하도록정책완성도높여야,2026-07-21 08:11
지금안사면늦는다전세난이키운서울집값악순환,2026-07-21 08:11
울산항만공사정우용경영본부장선임,2026-07-21 08:11
산업부제2차특별성과포상금45명에게9100만원수여,2026-07-21 08:11
19년표류끝냈다노들역개발재시동,2026-07-21 08:11
중고차경매200만대돌파현대글로비스국내최초,2026-07-21 08:11
국토부안전운임제영구화해수부8월북극항로시범운항,2026-07-21 08:11
해수부해사사이버안전인력양성교육참가자모집,2026-07-21 08:11
中기준금리1년물lpr305년물3514개월째동결,2026-07-21 08:11
네오ai클라우드포항서데이터센터착공내년1단계완공,2026-07-21 08:11
공급확대보다속도대출풀어달라토론회앞두고민심봇물,2026-07-21 08:11
e편한세상분당퍼스트빌리지신혼희망타운본청약실시,2026-07-21 08:11
장위뉴타운광운대역세권수혜기대월계중흥s클래스리비에르24일분양일정돌입,2026-07-21 08:11
구윤철부총리재경부확대간부회의주재세제개편안부동산대토론회철저준비주문,2026-07-21 08:11
누가인도의비법을묻거든내집마련atoz,2026-07-21 08:11
노후도시이미지벗는부천새아파트공급러시,2026-07-21 08:11
무주택자된李대통령분당아파트29억에매각완료,2026-07-21 08:11
46억넘어야서울상위1아파트,2026-07-21 08:11
신설법인7월10일7월16일,2026-07-21 08:11
신축매입임대자금부담낮춘다,2026-07-21 08:11
비싼서울대신경기로서울거주자경기매수4년만에최대,2026-07-21 08:11
지방이랑천지차이서울상위1아파트값얼마길래,2026-07-21 08:11
현대글로비스오토벨중고차경매차량누적200만대돌파,2026-07-21 08:11
올댓차이나중국증시혼조마감상하이지수085,2026-07-21 08:11
올댓차이나홍콩증시中정부펀드증시부양에반등개장h주259,2026-07-21 08:11
현대글로비스중고차경매200만대돌파,2026-07-21 08:11
대우건설14조원상도15구역재개발시공사로선정,2026-07-21 08:11
신축매입임대자금부담낮춘다토지비최대80지원,2026-07-21 08:11
금리인상세제개편변수로부동산시장셈법달라졌다,2026-07-21 08:11
29억에팔며17억근저당이대통령분당아파트거래에국힘전대미문꼼수,2026-07-21 08:11
춘천리버뷰아이파크,2026-07-21 08:11
용인풍덕천동현대성우5910억7500만원에거래,2026-07-21 08:11
오세훈정비사업외면李정부주택시장불안최대리스크,2026-07-21 08:11
서울잠원동래미안신반포팰리스10447억원에거래,2026-07-21 08:11
오늘의주요일정국토교통부7월21일화요일,2026-07-21 08:11
게시판ibk기업은행ibk아이돌봄지원서비스,2026-07-21 08:11
충정로역자이르네내달분양25호선충정로역직통연결,2026-07-21 08:11
한경매물마당동탄신도시중심상가대로변약국등5건,2026-07-21 08:11
동작최대상도15구역대우건설재개발따내,2026-07-21 08:11
복사골마을통합재건축본격화한국토지신탁지정신청,2026-07-21 08:11
hug신축매입임대착공전초기사업비조기지원,2026-07-21 08:11
해수부선내안전보건기준개정,2026-07-21 08:11
문재인정부부동산책임자불러라안철수부동산대토론회공개제안,2026-07-21 08:11
옛하나sk카드빌딩매물로알스퀘어매각자문착수,2026-07-21 08:11
올댓차이나中증감회긴급증시안정대책협의투자자기관의견청취,2026-07-21 08:11
용인죽전동새터마을죽전힐스테이트858억8800만원에거래,2026-07-21 08:11
kmihd현대삼호서항만피지컬ai워크숍개최,2026-07-21 08:11
대우건설상도15구역재개발도시정비사업시공사선정,2026-07-21 08:11
용인신봉동엘지자이1차1018억5500만원에거래,2026-07-21 08:11
충정로역자이르네299가구내달분양,2026-07-21 08:11
대우건설동작구상도15구역시공,2026-07-21 08:11
서울상위1아파트사려면최소46억5000만원,2026-07-21 08:11
해양수산과학기술진흥원ai상용화지원사업추진,2026-07-21 08:11
오세훈이재명정부가주택공급최대리스크,2026-07-21 08:11
실패에서배워야안철수23일부동산대토론회文초청제안,2026-07-21 08:11
신축매입사업토지지원금80로확대,2026-07-21 08:11
남부발전제주안덕bess준공식배터리92h규모,2026-07-21 08:11
국평30억원육박하는데흑석써밋더힐완판,2026-07-21 08:11
kcc글라스postech차량용유리일체형안테나공동연구로국제학회최우수논문상,2026-07-21 08:11
은행자체감평은불법감평협kb금융양종희회장면담요청,2026-07-21 08:11
부산도시공사6개지구행복주택892가구예비입주자모집,2026-07-21 08:11
lh의정부고산지구근생용지2필지공급,2026-07-21 08:11
李대통령분당아파트29억매각돈부족한매수자에17억근저당,2026-07-21 08:11
gtx삼성역철근누락정부합동점검4개월연장,2026-07-21 08:11
항공사가나무500그루살리며a4용지500만장절약한비밀,2026-07-21 08:11
부동산국민제안2000건돌파23일정책밑그림나오나,2026-07-21 08:11
인사국세청,2026-07-21 08:11
다주택자양도세중과유예끝나자다시천장뚫는서울아파트값,2026-07-21 08:11
아파트회계감사의무화깜깜이관리비막는다,2026-07-21 08:11
없어서못판다더니삼전닉스왜불안하지너도나도증설공급과잉공포다시고개,2026-07-21 08:11
신복위조직개편미래사업추진단금융소비자보호부신설,2026-07-21 08:11
세빌스코리아코람코라이프인프라리츠주유소12곳매각주관,2026-07-21 08:11
한국선급현대차기아로봇모베드선박내공동실증실시,2026-07-21 08:11
용인풍덕천동초입마을삼익풍림동아597억1800만원에거래,2026-07-21 08:11
국내첫장주기bess남부발전제주안덕bess준공식개최,2026-07-21 08:11
중흥토건월계중흥s클래스리비에르24일견본주택개관,2026-07-21 08:11
정부oda통해kai영역넓힌다개도국에패키지지원,2026-07-21 08:11
29억에팔린李대통령아파트17억7000만원근저당권설정,2026-07-21 08:11
용인풍덕천동초입마을삼익풍림동아597억6000만원에거래,2026-07-21 08:11
세제개편매물잠김고려해야과세기준가액중심전환필요,2026-07-21 08:11
원도심이다시뜬다분양시장흥행잇따라,2026-07-21 08:11
오피스텔월세수요전월세전환율역대최고,2026-07-21 08:11
동탄집값뛰고규제묶이자병점85억오산71억신고가,2026-07-21 08:11
포토삼성tv로루브르명화즐기세요,2026-07-21 08:11
대출막혀계약파기속출李정부주택토론회앞두고성토,2026-07-21 08:11
이대통령분당아파트29억원에매각17억7000만원근저당설정왜,2026-07-21 08:11
독성연임무중심형연구소로재탄생리빌딩전략마련,2026-07-21 08:11
제60대서경복마산세관장취임,2026-07-21 08:11
부천복사골마을통합재건축한국토지신탁예비사업시행자지정신청,2026-07-21 08:11
대우건설3207가구규모의동작구상도15구역재개발시공사로선정,2026-07-21 08:11
요가필라테스먹튀막는다공정위표준약관제정,2026-07-21 08:11
남양주병점부천서잇단신고가거래경기비규제지역풍선효과,2026-07-21 08:11
용인풍덕천동수지현대아파트8412억5000만원에거래,2026-07-21 08:11
오세훈재건축재개발이공급마스터키정부가최대리스크,2026-07-21 08:11
집값46억아쉽지만탈락입니다서울상위1문턱얼마길래,2026-07-21 08:11
홍콩증시中정부펀드매수유가상승에반등마감h주301,2026-07-21 08:11
국토공간대전환논의확장범정부협의회에해수고용부추가,2026-07-21 08:11
靑李자택177억근저당에매수자사정에의한것,2026-07-21 08:11
용인풍덕천동e편한세상수지아파트8416억5000만원에거래,2026-07-21 08:11
5극3특베이비부머지방이주와결합해야,2026-07-21 08:11
용인동천동동천디이스트8412억3000만원에거래,2026-07-21 08:11
거래소코넥스기업대상코스닥이전상장컨설팅,2026-07-21 08:11
김용범재개발재건축만능키아냐오세훈마스터키맞다반박,2026-07-21 08:11
서울시폐교부지규제완화도서관체육관등공공문화시설조성유도,2026-07-21 08:11
ai픽국가ai전략위gpu만으론한계컴퓨팅자원배분이관건,2026-07-21 08:11
합리적분양가책정서한남양주진접서한이다음21일1순위청약,2026-07-21 08:11
집값46억원넘어야서울상위1아파트,2026-07-21 08:11
북항재개발2단계재시동기대감두산건설두산위브더제니스대연이달공급,2026-07-21 08:11
dl이앤씨e편한세상분당퍼스트빌리지신혼희망타운청약접수진행,2026-07-21 08:11
용인죽전동새터마을죽전힐스테이트858억4000만원에거래,2026-07-21 08:11
아파트회계감사예외없이의무화법개정추진,2026-07-21 08:11
46억원넘어야서울아파트값상위1경기는18억,2026-07-21 08:11
중부발전해남화원bess발전사업허가최종승인획득,2026-07-21 08:11
주간뉴욕증시흔들린ai랠리알파벳테슬라실적에쏠린눈,2026-07-21 08:11
에잇퍼센트토큰증권사업자에이판다인수,2026-07-21 08:11
인천신항해상풍력유지보수거점시동지원부두조성본격화,2026-07-21 08:52
인천신항에해상풍력지원부두조성2032년유지보수허브구축,2026-07-21 08:52
안성공장도매물아모레퍼시픽자산정리흐름지속,2026-07-21 08:52
아모레퍼시픽안성건기식공장매각추진,2026-07-21 08:52
인천신항에해상풍력유지보수지원부두들어선다,2026-07-21 08:52
안성부동산팔고설비는오산으로아모레건기식생산통합,2026-07-21 08:52
인천신항해상풍력유지보수허브로2032년완공목표,2026-07-21 08:52
양천구민관협력형부동산안심지키미운영,2026-07-21 08:52
문체부행안부지역관광정책경진대회한국관광의샛별신설,2026-07-21 08:52
인천신항해상풍력유지보수허브본격추진2032년지원부두조성목,2026-07-21 08:52
지오영여름철의약품품질관리강화콜드체인운영고도화,2026-07-21 08:52
아모레퍼시픽안성건기식공장매각착수오산으로통합,2026-07-21 08:52
지오영폭염장마대비습도관리콜드체인체계강화,2026-07-21 08:52
아모레퍼시픽안성건기식공장매각추진자산효율화,2026-07-21 08:52
아모레퍼시픽안성공장매각건기식생산계획구체화안돼,2026-07-21 08:52
패트롤인천시인천시의회인천시교육청,2026-07-21 08:52
신세계그룹oko와5억달러합작법인아만자누호텔개발,2026-07-21 08:52
인천시인천신항해상풍력지원부두개발착수유지보수허브조성,2026-07-21 08:52
인천신항세계적해상풍력유지보수메카로육성,2026-07-21 08:52
습도와의전쟁나선지오영의약품콜드체인배송강화,2026-07-21 08:52
인천시인천신항해상풍력지원부두개발방안마련나서,2026-07-21 08:52
아모레퍼시픽안성공장매각추진건기식생산오산으로통합,2026-07-21 08:52
아모레퍼시픽안성공장매각생산은오산으로이전,2026-07-21 08:52
인천시해상풍력산업승부수신항2032년지원부두조성본격화,2026-07-21 08:52
세빌스코리아코람코리츠보유주유소12곳매각주관,2026-07-21 08:52
메리츠증권솔브레인목표가하향에도매력적인구간진입,2026-07-21 08:52
아모레퍼시픽안성건기식공장매각추진생산은오산으로이전,2026-07-21 08:52
세빌스코람코라이프인프라리츠전국12개주유소매각주관,2026-07-21 08:52
아모레퍼시픽안성건기식공장매각,2026-07-21 08:52
기획안성철도100년③왜안성은철도없는도시가되었나,2026-07-21 08:52
오리온진천센터내년7월완공동천물류센터안산공장유동화가능,2026-07-21 08:52
식중독예방영양플러스위생상태살핀다,2026-07-21 08:52
지오영폭염장마속의약품습도와의전쟁콜드체인관리강화,2026-07-21 08:52
폭염장마에의약품유통비상지오영콜드체인항온항습관리강화,2026-07-21 08:52
올해내운영어렵다양주옥정물류창고가동내년상반기이후로,2026-07-21 08:52
로젠라이브커머스써밋컴퍼니인수사업다각화나서,2026-07-21 09:04
위클리오늘평택시반도체산업단지ai안전관리모델알려,2026-07-21 09:04
게시판한투증권mts자녀계좌통합메뉴신설이벤트,2026-07-21 19:36
낡은빌라1채로10배먹었다일확천금재개발투자의모든것,2026-07-21 19:36
공공분양pf에90보증공사비부담낮춰공급속도,2026-07-21 19:36
kt에스테이트리마크빌론칭10주년리마크빌종로로10호점깃발,2026-07-21 19:36
lh민간참여사업금융지원설명회최대90보증,2026-07-21 19:36
한국부동산원새비전선포이헌욱국가부동산문제해결책제시,2026-07-21 19:36
공공분양pf에최대90보증민간공사비부담낮춘다,2026-07-21 19:36
lh민참사업금융지원본격가동설명회개최,2026-07-21 19:36
주차04대에pc공법노후화분당45구역특별정비구역추진,2026-07-21 19:36
인사국토교통부,2026-07-21 19:36
다자녀가구주말공휴일고속도로통행료깎아준다,2026-07-21 19:36
이대통령불법편법부동산불로소득국민통합저해의주범,2026-07-21 19:36
호반써밋첨단3지구21일무순위청약비규제로거래제한없어,2026-07-21 19:36
서울상위1아파트46억은넘어야죠지역별양극화뚜렷,2026-07-21 19:36
서울집합건물신탁등기신청급증상반기1만5000건돌파,2026-07-21 19:36
李대통령망국적부동산공화국벗어나야조세합리적정비,2026-07-21 19:36
uli한국박래익신임회장취임ai기술혁신시대부동산산업글로벌경쟁력강화,2026-07-21 19:36
외신삼전닉스레버리지는韓정부실패집값폭등청년들투기판내몰아,2026-07-21 19:36
이헌욱한국부동산원장시장질서주거안정실현인프라로거듭,2026-07-21 19:36
李환율안정효과노렸더라도레버리지대책그걸로되겠나,2026-07-21 19:36
정점식감탄금치못해더불어민주당아니라더불어근저당,2026-07-21 19:36
삼전대표가로봇사업직접챙긴다삼성전자rx사업추진실신설,2026-07-21 19:36
안철수대통령특권으로부동산규제피해이익챙기는촌극,2026-07-21 19:36
호반써밋첨단3지구21일무순위청약,2026-07-21 19:36
2030년여의도공원한강샛강잇는문화공원으로,2026-07-21 19:36
속보李대통령불법편법부동산불로소득국민통합저해의주범,2026-07-21 19:36
kt에스테이트리마크빌종로505가구임대공급,2026-07-21 19:36
이대통령광주반도체공장도쟁의대상국민깜짝놀랄일,2026-07-21 19:36
속보李대통령부동산조세제도국민눈높이맞춰공정하게정비,2026-07-21 19:36
제천영월고속도로착공식국토차관새로운성장축될것,2026-07-21 19:36
용산효창공원앞역노후빌라촌2400가구대단지로탈바꿈,2026-07-21 19:36
한국부동산원새비전공개부동산정책인프라기관으로,2026-07-21 19:36
건설경기회복견인lh민간참여사업금용지원설명회개최,2026-07-21 19:36
남광토건극동건설하우스토리첫정비사업수주,2026-07-21 19:36
남광토건극동건설인천동아아파트lh참여형가로주택정비사업수주,2026-07-21 19:36
한국부동산원비전선포식열어공정한시장질서로주거안정실현,2026-07-21 19:36
티엑스알로보틱스임원진자사주1만주매입책임경영강화,2026-07-21 19:36
기후위험실적미칠영향까지따져롯데건설esg보고서발간,2026-07-21 19:36
브랜드통합전략통했다남광토건극동건설인천서첫정비사업수주,2026-07-21 19:36
전세금공적기구가맡는다수익률낮으면월세화우려,2026-07-21 19:36
리마크빌종로505가구임대공급,2026-07-21 19:36
전세사기걱정줄였다kt에스테이트리마크빌종로공급,2026-07-21 19:36
서울집합건물신탁신청상반기1만5318건전년보다551,2026-07-21 19:36
대한상의3분기소매유통업전망수치긍정,2026-07-21 19:36
軍규제풀린평택고덕에1만호창릉고밀개발도탄력,2026-07-21 19:36
우리동네도풀리나여의도10배면적軍보호구역해제,2026-07-21 19:36
lh민간참여사업금융지원설명회개최사업비최대90보증,2026-07-21 19:36
현대차아틀라스공장투입임박lg로봇데이터팩토리연말가동,2026-07-21 19:36
민간매각멈춘금강수목원충남도시민개방추진,2026-07-21 19:36
이헌욱부동산원시장질서주거안정실현,2026-07-21 19:36
대형안부러워새국평자리노리는중소형평면,2026-07-21 19:36
중동戰후폭풍해외건설수주반토막,2026-07-21 19:36
한국부동산원새비전부동산정책인프라기관으로,2026-07-21 19:36
속보李대통령부동산공급대책실수요자지원책촘촘하게마련,2026-07-21 19:36
브랜드개편한남광극동건설인천동아아파트재건축수주,2026-07-21 19:36
얼마나귀한지전세넉달전잡아야안심,2026-07-21 19:36
일산후곡백송마을첫정비구역지정눈앞,2026-07-21 19:36
옛byc대림동본사복합개발본격화gd메트로타워탈바꿈,2026-07-21 19:36
신한은행ax에이전트서밋개최자체개발21종공개,2026-07-21 19:36
이천휴먼빌클래스원536가구분양,2026-07-21 19:36
여의도공원재조성밑그림나왔다내년부터공사시작,2026-07-21 19:36
세제개편눈치보는집주인들강남매물늘고서울외곽은줄었다,2026-07-21 19:36
다자녀가구주말공휴일고속도로통행료1020감면한다,2026-07-21 19:36
이대통령집값민심직접듣는다140명과100분간부동산대토론,2026-07-21 19:36
반도체클러스터기대감호반써밋첨단3지구오늘무순위청약,2026-07-21 19:36
알스퀘어상업용부동산대출시장조달한파속옥석가리기본격,2026-07-21 19:36
직매립금지3년남았는데공공소각장신증설12곳뿐,2026-07-21 19:36
서울시복지재단장기요양인력배치ai에이전트개발,2026-07-22 07:49
성수석이천시장도시공사설립해개발이익100시민에돌려줄것,2026-07-22 07:49
국토연구원매입임대수요보다싼곳에몰렸다,2026-07-22 07:49
지어도안팔린다재건축조합들상가빼고아파트늘린다,2026-07-22 07:49
자고일어나면전세값올라요넉달전에도장찍는세입자들,2026-07-22 07:49
여의도10배군사보호구역풀린다평택고양개발사업탄력,2026-07-22 07:49
17억7천만원근저당왜설정했나청와대민사상합의vs야권내로남불,2026-07-22 07:49
강남구청장압구정재건축단지방문속도감있게추진,2026-07-22 07:49
집값뛴동탄대신몰린다국평85억신고가찍은동네주간이집,2026-07-22 07:49
서울시시민이자주찾는상가임대차상담사례전자책발간,2026-07-22 07:49
모아타운재개발이랑뭐가다르죠오세훈의닥공전략,2026-07-22 07:49
위례뉴스테이11월분양전환집값뛰어분양가갈등불씨,2026-07-22 07:49
추정가최고4천만원이병철회장글씨경매낙찰가는,2026-07-22 07:49
722mk추천매물수원당수지구직영수익형1층슈퍼상가등,2026-07-22 08:05
부동산대토론회강성훈교수종부세주택수아닌가액기준논의해야,2026-07-23 15:40
보유세양도세높여야vs완화해야전문가의견대립팽팽,2026-07-23 15:40
뭇매맞은文정부부동산정책똘똘한한채가폭등불렀나,2026-07-23 15:40
대통령세종집무실건축설계본격착수,2026-07-23 15:40
부동산정책혼란에직접나선李대통령사회적합의찾겠다,2026-07-23 15:40
반세권아파트분양시장서도인기몰이,2026-07-23 15:40
현대건설혁신스타트업과함께미래건설경쟁력키운다,2026-07-23 15:40
서울준공업지20만풀어도5만가구공급가능해진다,2026-07-23 15:40
삼영물류sf익스프레스코리아와글로벌물류협업나선다,2026-07-23 15:40
울산항만공사고객중심비즈니스라운지정식개관,2026-07-23 15:40
서울집합건물생애첫매수인444증가30대2만2394명,2026-07-23 15:40
李대통령부동산대한민국최대과제잃어버린30년우려도,2026-07-23 15:40
부동산대토론회李재개발공급효과제한적전문가살고싶은집늘려야,2026-07-23 15:40
부동산대토론회진미윤교수착공가능한주택사업가려금융세제지원해야,2026-07-23 15:40
공공기관2차지방이전대비lh전담조직꾸린다,2026-07-23 15:40
속보주담대3억대출제한첫일주일서울매매10건중6건9억이하,2026-07-23 15:40
사실거면5억빌려드리고요매도인대출강남분당선벌써유행,2026-07-23 15:40
집여러채보다비싼집부동산토론회서전문가들보유세판바꿔야제언,2026-07-23 15:40
부산항만공사busanopenport2026개최해해운항만생태계넓혀,2026-07-23 15:40
김포사우역지엔하임사우역도보권에서울접근성좋아김포원도심생활교육인프라누려,2026-07-23 15:40
현대건설건설ai미래주거스타트업12곳과기술실증,2026-07-23 15:40
집주인이6억빌려드립니다강남서다시뜬셀러파이낸싱,2026-07-23 15:40
거래규제할수록집값폭등부동산토론회불만쏟아졌다,2026-07-23 15:40
국토부쿠팡등물류센터메자닌구조전수조사한다,2026-07-23 15:40
jll코리아수도권물류센터시장양극화심화우량자산경쟁치열,2026-07-23 15:40
힐스테이트구월아트파크인천예술회관역직통공원상권다갖춰,2026-07-23 15:40
전세는이제전설속에만있나요서울전세씨마르고월세화뚜렷,2026-07-23 15:40
부동산끝장토론앞서5300건민심쏟아져이대통령근저당언급할까,2026-07-23 15:40
삼성ea2분기영업익2731억원전년比51,2026-07-23 15:40
서울마지막판자촌구룡마을통합심의통과백사은마잠실주공5단지도탄력,2026-07-23 15:40
경기남부대체주거지부각의왕청약에2486명몰렸다,2026-07-23 15:40
한신공영창원한신더휴메가센텀24일분양,2026-07-23 15:40
토지보상세금폭탄맞는다내땅양도차익줄여라,2026-07-23 15:40
부동산대토론회李1주택양도세비과세횟수제한검토다주택자퇴로도고민,2026-07-23 15:40
서울수도권상승세동반둔화학군역세권으로수요집중,2026-07-23 15:40
낡은빌라1채로10배먹었다일확천금재개발투자의모든것1부동산손품노트,2026-07-23 15:40
보유세강화논의에도압구정1125억반포130억신고가,2026-07-23 15:40
soil친환경바이오선박유공급개시저탄소해운연료시장공략,2026-07-23 15:40
아워박스사무실확장기념성공안전기원제열어,2026-07-23 15:40
네이버사옥1784스마트빌딩기술일본에첫수출,2026-07-23 15:40
aiot물류인텔리전스윌로그국토교통부혁신프리미어1000선정,2026-07-23 15:40
ctx5조부울경2조5000억지방메가시티철도승부수,2026-07-23 15:40
국민44대출완화외쳤다오늘부동산정책대토론회시장톡,2026-07-23 15:40
달라지는임재만표국토硏현장중심정책찾는다,2026-07-23 15:40
靑李대통령17억근저당이자안받기로매수인배려차원,2026-07-23 15:40
지역마지막민간분양아파트첨단3지구a6블록제일풍경채8월공급,2026-07-23 15:40
같은수도권이라도의정부동탄사정다른데예비타당성기준현실화필요성지적,2026-07-23 15:40
위장전입에노부모부양까지꾸며아파트분양받은7명적발,2026-07-23 15:40
초고가1주택보유세논쟁재점화완화vs세입자전가팽팽,2026-07-23 15:40
6월전국아파트1순위경쟁률3년만에최저서울낙폭가장커,2026-07-23 15:40
가양동cj공장부지에아파트짓는다960세대공급,2026-07-23 15:40
임형준3억대첫자가지금은20억넘어그리울때찾아본다,2026-07-23 15:40
스타트업혁신기술도입박차롯데건설공공기관과건설혁신생태계확장,2026-07-23 15:40
롯데건설스타트업과주거환경개선협력,2026-07-23 15:40
감사원미분양공공임대재외동포선착순공급가능,2026-07-23 15:40
집값상승률봤더니수도권은구축지방은새아파트가더올랐다,2026-07-23 15:40
빌라사뒀는데알고보니물딱지현금청산부르는재개발함정3,2026-07-23 15:40
화주차주모두잡은cj대한통운더운반자동배차성공률80돌파,2026-07-23 15:40
상반기생애첫서울아파트매수인44늘었다절반이상은30대,2026-07-23 15:40
가양동cj공장부지에지식산업센터아파트를시니어주택용적률,2026-07-23 15:40
양도세감면횟수제한되나이재명일리있어당국검토해야,2026-07-23 15:40
서울준공업지20만풀어도5만가구가능,2026-07-23 15:40
구리시지식산업센터입주업종129개로확대,2026-07-23 15:40
부동산토론앞두고쏟아진민심들초고가기준대출규제용적률향방은,2026-07-23 15:40
셔세권빈상가를청년주택으로용인동탄2천가구공급,2026-07-23 15:40
반세권이천휴먼빌클래스원일신건영536가구27일분양,2026-07-23 15:40
대통령세종집무실설계착수행복청2029년입주목표,2026-07-23 15:40
금호건설3506억원규모장지차고지입체화사업수주,2026-07-23 15:40
희소성높은서울새아파트공급쌍용건설쌍용더플래티넘서대문8월분양,2026-07-23 15:40
월덱스구미에반도체소재공장증설2천600억투자,2026-07-23 15:40
진주이현동21년만에새아파트포레나힐스테이트진주분양,2026-07-23 15:40
대우건설베트남인니투트랙동남아시장공략가속,2026-07-23 15:40
관세청수출기업대상해외통관제도설명회개최,2026-07-23 15:40
신길써밋클라비온상동역롯데캐슬역세권대단지관심,2026-07-23 15:40
ipark현대산업개발ai기반통합솔루션서비스확대서울원파크로쉬에디지털헬스케어적용,2026-07-23 15:40
kcccj제일제당색채안전체계구축색깔로위험구역구분한다,2026-07-23 15:40
두정역푸르지오그랑피크천안두정불당생활권에삼성배후주거지,2026-07-23 15:40
산곡역자이힐스테이트하늘채부평7호선역세권에들어서는2706가구,2026-07-23 15:40
6월전국1순위청약경쟁률59대135개월來최저,2026-07-23 15:40
매부리라운지강남분당서고개드는매도인대출,2026-07-23 15:40
이대통령집값억지로낮추자는것아냐똘똘한한채엔문제심각,2026-07-23 15:40
로컬누리마켓임팩트스퀘어로부터3억원시드투자유치,2026-07-23 15:40
상반기전국땅값122상승4년만에가장많이올랐다,2026-07-23 15:40
생활인프라완성된마지막분양단지청약경쟁률도껑충,2026-07-23 15:40
6월전국1순위청약경쟁률59대13년만에최저,2026-07-23 15:40
진해소상공인들해사일방이전추진에절망상생대책필요,2026-07-23 15:40
李대통령부동산대토론회공급부터세금까지핵심쟁점은,2026-07-23 15:40
국평전용60로줄이면주택공급30확대효과,2026-07-23 15:40
불황속빛나는안전자산부동산판바꾸는개발호재의위력,2026-07-23 15:40
속보이대통령일본잃어버린30년우리도그정점으로가는지우려,2026-07-23 15:40
대통령세종집무실설계착수2029년8월입주목표,2026-07-23 15:40
지난달서울아파트월세거래비중54,2026-07-23 15:40
대전개발제한구역해제대상지시민도함께찾는다,2026-07-23 15:40
쌍용건설쌍용더플래티넘서대문다음달분양예정,2026-07-23 15:40
금호건설3506억원규모장지차고지입체화사업건설공사수주,2026-07-23 15:40
이천휴먼빌클래스원sk하이닉스차로15분이천도심단지,2026-07-23 15:40
첨단3지구마지막민간분양제일풍경채8월공급,2026-07-23 15:40
서울가양동옛cj공장부지에아파트960가구,2026-07-23 15:40
서울접근성분상제김포풍무흥행,2026-07-23 15:40
동탄대신병점화성집값상승축바뀌었다,2026-07-23 15:40
우아한청년들사고경험라이더안전복귀프로그램운영,2026-07-23 15:40
강성훈교수종부세주택보유수아닌주택가액적용해야,2026-07-23 15:40
이대통령보유세3배올려야하지만폭동날수도차등적용검토,2026-07-23 15:40
이광수양도세비과세생애1회만기존대출자도관리해야,2026-07-23 15:40
재개발힘든빌라촌도심복합개발만나대단지변신,2026-07-23 15:40
페덱스헬스케어물류전담조직출범글로벌공급망강화,2026-07-23 15:40
경남창원거제풍부한인프라실수요잡을대단지쏟아진다,2026-07-23 15:40
도심비주택리모델링해2000가구공급,2026-07-23 15:40
국민제안10건중4건이대출규제완화,2026-07-23 15:40
백석시그니처자이천안산업단지가까운자이1174가구,2026-07-23 15:40
이대통령오늘국민과100분간부동산대토론회보유세등쟁점,2026-07-23 15:40
김대헌호반그룹사장신입사원과커넥팅데이소통행보,2026-07-23 15:40
모아타운재개발이랑뭐가다르죠오세훈의닥공전략부동산심머니,2026-07-23 15:40
코스맥스펫400억투자한증평신공장본격가동,2026-07-23 15:40
준공업지주택공급신도시건설보다빨라파격적규제완화를,2026-07-23 15:40
구룡마을최고28층2120가구확정,2026-07-23 15:40
더샵송도그란테르송도수변공원품어비규제장점까지,2026-07-23 15:40
첫부동산절반30대서울생애첫매수44늘었다,2026-07-23 15:40
재개발공사비특약갖춰도분담금증액은상시리스크,2026-07-23 15:40
재한국해양재단해양수산인재개발원업무협약mou체결,2026-07-23 15:40
평택항차세대친환경운반선기항글로벌자동차물류입지강화,2026-07-23 15:40
빚내서집사느니입지뛰어난곳청약부터노려라,2026-07-23 15:40
충주시반도체핵심광물생산기업과업무협약생산시설구축,2026-07-23 15:40
gs건설계약부터입주까지디지털화전자계약시스템도입,2026-07-24 15:40
금호건설장지차고지입체화사업수주,2026-07-24 15:40
재건축규제완화놓고논쟁공급확대냐집값자극이냐,2026-07-24 15:40
강남구재건축추진위승인처리기간30일10일단축,2026-07-24 15:40
데이터센터개발시공운영통합디벨로퍼도약대우건설kinx와업무협약,2026-07-24 15:40
서울가양동cj공장부지에960가구아파트들어선다,2026-07-24 15:40
강남구일원한솔재건축추진위10일만에승인처리기간대폭단축,2026-07-24 15:40
금천구시흥3동에모아타운231가구공급주거환경대폭개선,2026-07-24 15:40
가양동옛cj공장부지에아파트960가구들어선다,2026-07-24 15:40
동탄구리기흥은눌렸지만성남은재건축기대감에다시상승폭튀었다,2026-07-24 15:40
초고가稅부담늘린다고15억이하집값안정되나,2026-07-24 15:40
내땅이공공택지된다고수용은못피해도세금은줄일수있다,2026-07-24 15:40
아이들따라성수에7만8000명찾아티니핑매장키운다,2026-07-24 15:40
ai디지털교육현대건설thefield실전취업트랙교육생모집,2026-07-24 15:40
이언주부동산토론회보며답답수요억제책원점재검토해야,2026-07-24 15:40
與국민경청부동산토론회실행으로답할것당내선갑론을박,2026-07-24 15:40
창원한신더휴메가센텀2016가구,2026-07-24 15:40
lh투자기관대상기업설명회올해총20조원조달,2026-07-24 15:40
mk경매공매왕초보경공매심화과정2기,2026-07-24 15:40
대우건설데이터센터전문기업kinx와업무협약,2026-07-24 15:40
지구단위구역에시니어주택지으면용적률10,2026-07-24 15:40
유승민부동산토론회는답정너규제강화합리화만,2026-07-24 15:40
서울가양동cj공장용지아파트도960가구짓는다,2026-07-24 15:40
신설법인7월17일7월23일,2026-07-24 15:40
3기신도시두배빨리짓겠다도심유휴지주거용전환검토,2026-07-24 15:40
징동닷컴jdcomk소비재중국진출지원설명회열어,2026-07-24 15:40
서울집값76주연속상승전국땅값도꿈틀,2026-07-24 15:40
남광토건부천역곡지구하우스토리신혼희망타운570가구청약완판평균98대1,2026-07-24 15:40
193분부동산토론이제결론의정치가필요하다여기는논설실,2026-07-24 15:40
서미숙의집수다토지임대부분양사라지나대통령이직접밝힌어려움,2026-07-24 15:40
영등포구재개발재건축속도전신속추진지원단출범,2026-07-24 15:40
시흥3동1003번지모아타운승인노후주거지20층아파트로바뀐다,2026-07-24 15:40
79곳정비사업진행중인이곳한강변스카이라인바꾼다,2026-07-24 15:40
무안군군공항이전후보지선정회의또불참하기로,2026-07-24 15:40
지역별최고가단지보니10곳중4곳은도시정비수주top5가지었다,2026-07-24 15:40
李3기신도시입주5년2년6개월단축역세권엔임대주택,2026-07-24 15:40
광주첨단3지구에제일풍경채638가구,2026-07-24 15:40
한수원해외사업리스크관리위신설계약이행전과정통합관리,2026-07-24 15:40
축평원농협사료실무자대상으로한우경매유통교육,2026-07-24 15:40
재개발사다리아직안닫혔다서울마지막기회잡는법4,2026-07-24 15:40
뉴스분석1주택도초고가비거주땐보유세가중,2026-07-24 15:40
재건축첫삽늦추는이주비대출규제푸나,2026-07-24 15:40
은평구갈현1구역재개발정비계획변경고시4467가구로,2026-07-24 15:40
분담금갈등에1개동뺀재건축까지,2026-07-24 15:40
ipark현대산업개발김해신문센트럴아이파크내달3일무순위청약,2026-07-24 15:40
광장극동재건축속도전조합설립동의서확보착수,2026-07-24 15:40
항균소재사업확늘리자lg전자베트남공장가동,2026-07-24 15:40
오늘의주요일정국토교통부7월24일금요일,2026-07-24 15:40
mk부동산단신검단신도시68대대단지주출입구상가35억원,2026-07-24 15:40
정부지원업고中추격막자lg디스플레이3조통큰투자,2026-07-24 15:40
주담대3억이후서울아파트거래62가9억이하,2026-07-24 15:40
국평20억잇단돌파성북구로도눈앞,2026-07-24 15:40
현대글로비스2분기매출8조7054억역대최대유가여파에영익은81,2026-07-24 15:40
기계설비의날현동수박계석대표대통령표창,2026-07-24 15:40
부동산세제개편임박보유세강화똘똘한한채특혜,2026-07-24 15:40
gs건설분양부터입주까지전자계약목동윤슬자이첫적용,2026-07-24 15:40
27일또토론회여는정부부동산종합대책막판고심,2026-07-24 15:40
김재식장종필의법을알면부동산이보인다스크린골프와저작권창작과혁신은어떻게공존할것인가,2026-07-24 15:40
부동산대토론회보유세3배에1주택비과세횟수제한까지집값잡으려다갈아타기막나,2026-07-24 15:40
오세훈李대통령재개발재건축공급효과부정편견드러내,2026-07-24 15:40
테크타카180억후속투자유치k셀러글로벌진출물류망넓힌다,2026-07-24 15:40
매일경제준공업지역개발案국민의견보고서1호로채택,2026-07-24 15:40
천호한강구역도심복합개발신탁사선정한강변복합개발본격화,2026-07-24 15:40
배송승부수건네이버물류센터매입후수도권거점만들까,2026-07-24 15:40
안성시개발족쇄유천상수원규제조정나선다천안시와공동대,2026-07-24 15:40
학교공원관공서가단지인근에올인원인프라입지청약시장서인기,2026-07-24 15:40
lh올해20조원자금조달국내외조달원다변화추진,2026-07-24 15:40
서울아파트값7주연속상승세제개편안발표앞두고시장촉각,2026-07-24 15:40
1억원상당입장권구매약정중흥그룹2026여수세계섬박람회성공기원동참,2026-07-24 15:40
코람코2성급호텔매입해4성급머큐어앰배서더동대문탈바꿈,2026-07-24 15:40
대우건설kinx와협력데이터센터통합디벨로퍼도약,2026-07-24 15:40
국힘이대통령본인집팔자마자보유세3배들먹이나,2026-07-24 15:40
뇌물받고보안1급자료넘긴lh전직원항소심서도징역8년,2026-07-24 15:40
스터디카페안가도된다140석특화독서실도입하는상동역롯데캐슬시그니처,2026-07-24 15:40
농림부차관청년이바로팜워크숍참석해청년농응원,2026-07-24 15:40
영등포전통시장부지에49층주상복합서울역앞에20층업무빌딩,2026-07-24 15:40
강남용산성동재건축힘입어상반기서울땅값23뛰었다,2026-07-24 15:40
140석독서실에그린램프라이브러리시스템도입교육특화공급아파트보니,2026-07-24 15:40
반도체벨트집값안잡히네수도권집값양극화심해지나,2026-07-24 15:40
창원재건축조합장20억성과금추진논란과도vs적정,2026-07-24 15:40
내년1월입주공공지원민간임대오산세교우미린포레아시티24일주택홍보관개관,2026-07-24 15:40
대신자산신탁천호한강구역도심복합개발참여도심정비사업보폭확대,2026-07-24 15:40
대전시민선9기첫조직개편ai혁신관시민사회국신설,2026-07-24 15:40
수원우만2구역한국토지신탁예비신탁사로선정,2026-07-24 15:40
lh올해20조원자금조달추진해외채권등조달원다변화,2026-07-24 15:40
롯데건설스타트업과층간소음저감기술개발,2026-07-24 15:40
울산시피지컬aiㆍ데이터센터분야에역량집중,2026-07-24 15:40
전국아파트평균분양가332100만원돌파,2026-07-24 15:40
광주군공항이전지연되나반도체속도전차질우려,2026-07-24 15:40
우버품에안긴배민제2의도약일까수익성압박커질까,2026-07-25 15:08
홍준표답정해놓고토론했다면쇼재건축활성화해야,2026-07-25 15:08
서울웃돈경기반값수도권아파트경매온도차뚜렷,2026-07-25 15:08
동국제강그룹데이터센터發봉형강수요급증에실적반등,2026-07-25 15:08
블루원배제43회한국주니어골프선수권대회성황리종료,2026-07-25 15:08
영등포전통시장부지에49층주상복합서울역앞에20층오피스,2026-07-25 15:08
대신자산신탁천호한강구역도심복합개발참여한다,2026-07-25 15:08
창원재건축조합장20억성과금추진논란,2026-07-25 15:08
내주월계중흥s클래스리비에르등6359가구분양분양캘린더,2026-07-25 15:08
지역별최고가단지보니10곳중4곳은도시정비수주top5,2026-07-25 15:08
q재개발재건축공급효과없다a실제론14년간서울서만5만가구늘어,2026-07-25 15:08
김윤덕오세훈서울주택공급확대논의,2026-07-25 15:08
단독김윤덕오세훈주택공급회동용산에주택공급탄력검토,2026-07-25 15:08
팰다르크잔금열사이재명대통령에직접호소하자집단대출ok,2026-07-25 15:08
젠슨황ai데이터센터인허가빨리해달라이대통령신속한처리중요,2026-07-25 15:08
미이란충돌재격화에건설현장비상유가120달러땐건설비042,2026-07-25 15:08
21살걸그룹멤버는어떻게강남18억로또를뚫었나,2026-07-25 15:08
김윤덕오세훈회동용산주택공급논의,2026-07-25 15:08
중흥그룹2026여수세계박람회입장권구매로지원,2026-07-25 15:08
삼성전자60조현대차9조구미새만금부동산들썩,2026-07-25 15:08
인허가풀어도착공하세월인데공급해법안보인다,2026-07-25 15:08
與국힘부동산토론회정상화아닌투기조장,2026-07-25 15:08
영등포시장일대에49층주상복합단지들어선다,2026-07-25 15:08
안전이경영최우선가치이성훈lh사장남양주왕숙건설현장서취임후첫이사회개최,2026-07-25 15:08
발견형쇼핑이바꾼온라인쇼핑테무등플랫폼서중소브랜드기회확대,2026-07-25 15:08
홍준표박원순시장정책이지금부동산시장왜곡가져와,2026-07-25 15:08
호반건설군포금정3구역재개발수주656가구브랜드단지조성,2026-07-26 16:19
수도원을닮은이곳목돈없다면더매력적인노후공동체,2026-07-26 16:19
ai데이터센터물들어올때노젓자기판소켓중소업체도증설열풍,2026-07-26 16:19
영등포구로준공업지역해법될까규제이주대책관건공급어디서어떻게②,2026-07-26 16:19
공제줄이고특례없애야부동산토론회전날나온국회보유세보고서,2026-07-26 16:19
강남서광교까지번진다국힘李대통령17억매도인근저당집중포화,2026-07-26 16:19
호반건설2300억원군포금정3구역재개발시공권확보,2026-07-26 16:19
결국부모재력이었나집주인된2030주택입지가격양극화,2026-07-26 16:19
성수동쎈느감정가136에낙찰올리브영이핫플베팅나선이유는,2026-07-26 16:19
초고가똘똘한한채종부세세액공제4년만에최대,2026-07-26 16:19
하나은행청라이전앞두고인천소상공인기업금융지원,2026-07-26 16:19
동탄집값한달새6급등역대최고서울은상승세주춤,2026-07-26 16:19
주가도배당도흔들린리츠자산재편으로돌파구모색,2026-07-26 16:19
호반건설경기군포금정3구역재개발수주수도권정비사업확대,2026-07-26 16:19
李가겨눈초고가똘똘한한채보유세올려도수요안줄어,2026-07-26 16:19
50년된남서울아파트의변신신길첫써밋59최고17억대예상,2026-07-26 16:19
정책대출줄이랬더니제멋대로은행퍼주기한국토부,2026-07-26 16:19
나이서른집사는건포기했습니다2030세대주택보유율30밑으로,2026-07-26 16:19
시멘트공장사라지고gtx품자1년만에집값4억뛴동네철길옆집,2026-07-26 16:19
호반건설2300억원규모군포금정3구역재개발수주,2026-07-26 16:19
강남주택장특공제로200억넘게공제받아국세청장역진성끝판왕,2026-07-26 16:19
건축사자격시험2032년전면개편종합역량평가전환,2026-07-26 16:19
호반건설군포금정3구역재개발수주공사비2천300억원,2026-07-26 16:19
건축사자격시험손질실기간소화하고필기도입,2026-07-26 16:19
미친동탄아파트값한달에6상승서울넘어전국최고수준,2026-07-26 16:19
개발부터엑싯까지원스톱신영에셋상업용부동산확장본격화,2026-07-26 16:19
727mk추천매물산업단지배후공공임대주택용나대지등,2026-07-27 19:52
조르다노14년만에코리아빌드참가밀라노신제품국내첫공개,2026-07-27 19:52
한국부동산원토지보상법연구회와토지보상법제개선세미나,2026-07-27 19:52
도로아래주차장등활용서울시입체도로기준마련,2026-07-27 19:52
직통역세권단지줄줄이분양편의성안전미래가치일석삼조,2026-07-27 19:52
세계와국내는내항부터키웠는데평택항은왜외항부터개발했나표,2026-07-27 19:52
2분기서울오피스신규임대차2025년1분기이후최대,2026-07-27 19:52
아파트거래량69늘어서울옆비규제지역어딘가보니,2026-07-27 19:52
서울시재개발재건축궁금하면누구나8월부터시민교육,2026-07-27 19:52
이지스운용동대문두산타워품었다,2026-07-27 19:52
주공재건축끝낸과천이젠원도심재개발,2026-07-27 19:52
성남시분당양지마을재건축시행자에대신자산신탁지정조합원지위양도금지,2026-07-27 19:52
456구역연계개발본궤도서희건설금천구시흥5동모아타운5구역수주,2026-07-27 19:52
주택공급해법은속도인허가간소화금융지원요구,2026-07-27 19:52
종로을지로마저세입자못구한다서울대형오피스공실률경고등,2026-07-27 19:52
30억넘는집세금더낼까세제개편최대수혜자피해자는제네시스박의1분절세,2026-07-27 19:52
분당양지마을재건축본궤도대신자산신탁사업시행자지정,2026-07-27 19:52
서울대형오피스공급과잉경고등,2026-07-27 19:52
쪽방촌이익공유형주택공급가분양가의5080로입법예고,2026-07-27 19:52
초고가1주택종부세공제한도설정10100억의견다양,2026-07-27 19:52
삼성전자60조현대차9조대기업로봇투자에들썩이는이동네,2026-07-27 19:52
속보韓총리부동산문제복잡한이해관계충돌합의점찾아내야,2026-07-27 19:52
유동인구확보용이학익역인천뮤지엄파크길목상업시설보니,2026-07-27 19:52
매매5000건전세가율65집값읽는숫자의비밀,2026-07-27 19:52
재건축도없는데24평이9억서울발상승세안양까지,2026-07-27 19:52
국토장관상가사무실공실활용해청년주택공급적극추진,2026-07-27 19:52
호반그룹프랑스문화전문가정일영교수초청명사특강,2026-07-27 19:52
호반그룹프랑스문화전문가정일영교수초청명사특강개최,2026-07-27 19:52
닥치고대출외친안철수29억李아파트도177억근저당잡지않았나,2026-07-27 19:52
李대통령새빛가속기착공에청주지방주도성장거점으로,2026-07-27 19:52
축구장2배크기광주최대커뮤니티단지,2026-07-27 19:52
인사해양수산부,2026-07-27 19:52
8월서울입주3540가구올해최대물량풀린다,2026-07-27 19:52
지역대표단지로조성아이에스동서대구남산47구역재개발사업시공사선정,2026-07-27 19:52
im금융상반기순이익2956억원300억원규모자사주매입소각,2026-07-27 19:52
국토장관그린벨트일부해제해서라도주택공급고민,2026-07-27 19:52
도로아래지하주차장서울시입체도로기준마련,2026-07-27 19:52
속초항외국인어선원복지회관내달준공인력난해소기대,2026-07-27 19:52
lg전자국내첫엔비디아인증액체냉각확보ai데이터센터시장공략속도,2026-07-27 19:52
김용범양도세장특공제한도설정고민초고가주택기준의견모아가고있어,2026-07-27 19:52
8월입주14만가구반포대단지효과에서울시장눈길,2026-07-27 19:52
한성숙부동산어려움에큰책임감과무거움느껴반드시해결,2026-07-27 19:52
오픈ai데이터센터자금조달에엔비디아365조원통큰보증나선다,2026-07-27 19:52
입주물량부족에서울평균전셋값7억원돌파,2026-07-27 19:52
쌍문동일대재개발잰걸음,2026-07-27 19:52
되기만하면로또안부럽다일확천금재개발딱3가지만보세요,2026-07-27 19:52
도로아래공간주차장으로서울시입체도로기준마련,2026-07-27 19:52
분당양지마을6839가구로재건축,2026-07-27 19:52
챔피언스시티1차축구장2개광주최대커뮤니티조성,2026-07-27 19:52
경남고성군수sk오션플랜트매각전면재검토해야,2026-07-27 19:52
똘똘한한채정조준초고가주택종부세장특공제개편무게,2026-07-27 19:52
안철수지금가장필요한부동산정책은닥치고대출,2026-07-27 19:52
단독李3기신도시속도전주문범정부택지혁신단출범,2026-07-27 19:52
속보韓총리가계자산중부동산비중719해결책마련에책임감,2026-07-27 19:52
한국컨테이너풀수도권농산물거점물류맡는다at와온라인도매시장시범사업착수,2026-07-27 19:52
nh농협은행ai로기업여신심사에이전틱ai뱅크전환본격화,2026-07-27 19:52
뒤엉킨항만구조평택항개발후유증표류하는평택항,2026-07-27 19:52
새만금국가산단12공구조성토지공급기업입주수요대응,2026-07-27 19:52
지하철과연결되는직통역세권충정로역자이오티에르어반관심,2026-07-27 19:52
8월전국아파트1만4342가구입주전년동기比34늘어,2026-07-27 19:52
박정수28억주고산압구정빌딩20여년만에걔가효자집코노미핫부동산,2026-07-27 19:52
창원에100급방산ai데이터센터건립추진경남서투자협약,2026-07-27 19:52
부모찬스못쓰면평생무주택자인가요2030주택보유비중역대최저,2026-07-27 19:52
금속노조현대위아지회특수사업부매각추진철회해야,2026-07-27 19:52
유진그룹계열동양마포시대개막유진마포빌딩으로사옥이전,2026-07-27 19:52
역과문화시설잇는길목상가스타오씨엘에비뉴ⅱ분양중,2026-07-27 19:52
해수부비관리청항만개발사업2523억투자유치,2026-07-27 19:52
두산건설부산남구부촌서두산위브더제니스대연공급,2026-07-27 19:52
장특공제한도만지고다주택자퇴로열고김용범정책반영고민,2026-07-27 19:52
李대통령매각한분당양지마을사업시행자지정,2026-07-27 19:52
대구시전국최초산단자율주행물류무인셔틀ai드론실증확대,2026-07-27 19:52
동부건설1천307가구센트레빌아스테리움거제분양시작,2026-07-27 19:52
청약통장예치금지역마다달라면적소수점까지확인해야,2026-07-27 19:52
hj중공업klpga골프단창단식개최,2026-07-27 19:52
hd현대중공업29일부터사흘간전공장가동중단하고안전점검,2026-07-27 19:52
20년만에마산회원구2000가구랜드마크,2026-07-27 19:52
hj중공업한국토지신탁골프단인수klpga골프단창단,2026-07-27 19:52
한총리부동산5천만국민모두가이해관계자가장어려운숙제,2026-07-27 19:52
sk실트론매각이번엔결론날까,2026-07-27 19:52
도로밑공간도주차장으로활용,2026-07-27 19:52
수십만원은기본새아파트에열화상카메라뜬이유시장톡,2026-07-27 19:52
완도고금도최첨단유자가공공장구축10월착공,2026-07-27 19:52
서울시입체도로기준확립아래는주차장위에는도로,2026-07-27 19:52
한경매물마당천안삼성sdi정문앞상가주택등5건,2026-07-27 19:52
8월전국아파트1만4342가구입주서울은3540가구,2026-07-27 19:52
오산세교우미린포레아시티1050가구최장10년거주,2026-07-27 19:52
인프라수행역량입증gs건설호주nel156m터널굴착완료,2026-07-28 15:41
아이에스동서대구중구남산47구역재개발수주,2026-07-28 15:41
재건축끝나도끝난게아니다준강남과천원도심재개발시동,2026-07-28 15:41
gs건설호주멜버른암반터널직경156mtbm공법으로뚫었다,2026-07-28 15:41
방학동638641일대신속통합기획확정최고35층2800세대조성,2026-07-28 15:41
화랑대역3분거리lh공릉행복주택60가구청약,2026-07-28 15:41
호반건설인공지능으로레미콘물량자동산출,2026-07-28 15:41
아무리그래도아파트가낫죠비아파트빠른공급에도미지근이유가,2026-07-28 15:41
1주택은유지초고가만제한토론회서종부세장특공제손질안제언,2026-07-28 15:41
카페24포털대신ai가고객데려온다쇼핑몰방문구매모두급증,2026-07-28 15:41
계룡건설1706억규모부산양정산호재건축수주,2026-07-28 15:41
국토장관이꺼낸그린벨트카드효과보다시간갈등변수,2026-07-28 15:41
원룸사는데매달100만원씩삭제치솟는강남월세청구서,2026-07-28 15:41
오늘의주요일정국토교통부7월28일화요일,2026-07-28 15:41
양도세보유공제없애나고가주택공정가액비율상향검토,2026-07-28 15:41
경기신용보증재단일부부서남양주이전50명근무,2026-07-28 15:41
미분양쌓이자1억원페이백수도권도우회할인분양확산,2026-07-28 15:41
한전변전소유휴부지kre100추진5곳에48구축,2026-07-28 15:41
전력은지방인프라는수도권ai데이터센터딜레마푸쉬앤풀로풀어야,2026-07-28 15:41
10년만에창원에2000가구랜드마크,2026-07-28 15:41
집소유청년10명중2명뿐청년중장년주택보유격차역대급,2026-07-28 15:41
성과금20억달라재건축조합장에시끌창원서무슨일,2026-07-28 15:41
kb손보태평양스몰티켓과손잡고물류현장산재예방나선다,2026-07-28 15:41
환수소송20년벌인홍은동호텔부지34층아파트개발에주민은반발,2026-07-28 15:41
종부세공제초고가1주택에집중돼내달세제개편에쏠린눈,2026-07-28 15:41
hd현대일렉트릭반도체데이터센터호조에2분기영업익37종합,2026-07-28 15:41
gtx뚫려도갈린집값동탄22억신고가운정은7억대,2026-07-28 15:41
입주입점본격화경희궁유보라펜트하우스보류지매각회사보유분상가공급,2026-07-28 15:41
10명중9명찾던고정금리이젠3명뿐12년만에최저치찍은이유는,2026-07-28 15:41
세컨신드롬sh와반지하주택셀프스토리지로전환,2026-07-28 15:41
두산건설부산두산위브더제니스대연31일분양,2026-07-28 15:41
공급확대요청에국토장관그린벨트해제강한열망,2026-07-28 15:41
단독트럼프요청에응답한정부美핵심광물사업에1억달러투자,2026-07-28 15:41
패스트파이브성수연무장점서오피스쇼룸운영,2026-07-28 15:41
서울양주민자고속도로착공내년하반기이뤄질듯,2026-07-28 15:41
삼성19조원투자천안시신속행정으로착공속도높인다,2026-07-28 15:41
춘천삼성물산데이터센터건축허가2028년하반기준공,2026-07-28 15:41
30억넘는집세금더낼까세제개편최대수혜자피해자는,2026-07-28 15:41
서울아파트값강남주춤할때치고나가는성북노원구로,2026-07-28 15:41
방학동638641일대신통기획도봉산품은숲세권단지로,2026-07-28 15:41
반포에만2000가구전월세숨통틔나서울최대입주물량풀린다,2026-07-28 15:41
다짓고도안팔렸다아산미분양3가구중1가구악성,2026-07-28 15:41
서울연립다세대원룸월세64만원전월보다8하락,2026-07-28 15:41
gs건설호주멜버른도로공사터널굴착완료2028년준공,2026-07-28 15:41
6월서울원룸전세보증금월세실거래가동반하락,2026-07-28 15:41
6월서울원룸평균전월세전월比동반평균월세는64만원,2026-07-28 15:41
축구장의2배전남광주최대커뮤니티단지,2026-07-28 15:41
여기가수혜단지광주분양아파트마케팅반도체초점,2026-07-28 15:41
하늘나는택시첫선제주서kuam상용화모델시연,2026-07-28 15:41
이정학동해시장ai데이터센터시민에실질적혜택남겨야,2026-07-28 15:41
건설현장생산성제고호반건설인공지능으로레미콘물량자동산출,2026-07-28 15:41
매매5000건전세가율65집값읽는숫자의비밀부동산손자병법,2026-07-28 15:41
인천영종바이오특화단지2029년토지공급추진,2026-07-28 15:41
보증금50만원월세1만원전주평화동청춘별채입주시작,2026-07-28 15:41
5번토론끝부동산대책윤곽종부세가액과세핀셋대출그린벨트검토종합,2026-07-28 15:41
서울외국인부동산소유자1년새1000명넘게늘었다,2026-07-28 15:41
한진k패션커넥트서k브랜드해외진출물류솔루션제시,2026-07-28 15:41
더쉽고안전하게중고나라ai추천안심거래전면개편,2026-07-28 15:41
블랙록cio고금리시대전통적부동산투자방식안통해,2026-07-28 15:41
전남광주시의회반도체특위군공항이전5자합의이행해야,2026-07-28 15:41
gs건설호주nel터널굴착완료글로벌시공역량,2026-07-28 15:41
도봉구방학동일대2800가구숲세권단지로신속통합기획확정,2026-07-28 15:41
